iso3,name,region,income,mou,exit
AFG,Afghanistan,South Asia,Low income,2023-05-01,
ALB,Albania,Europe & Central Asia,Upper middle income,2017-05-01,
DZA,Algeria,Middle East & North Africa,Upper middle income,2018-07-10,
AGO,Angola,Sub-Saharan Africa,Lower middle income,2018-09-01,
ATG,Antigua and Barbuda,Latin America & Caribbean,High income,2018-06-01,
ARG,Argentina,Latin America & Caribbean,High income,2022-02-06,
ARM,Armenia,Europe & Central Asia,Upper middle income,2015-12-01,
AUT,Austria,Europe & Central Asia,High income,,
AZE,Azerbaijan,Europe & Central Asia,Upper middle income,2015-12-01,
BHR,Bahrain,Middle East & North Africa,High income,2018-07-01,
BGD,Bangladesh,South Asia,Lower middle income,2019-03-01,
BRB,Barbados,Latin America & Caribbean,High income,2019-02-01,
BLR,Belarus,Europe & Central Asia,Upper middle income,2013-12-01,
BEN,Benin,Sub-Saharan Africa,Low income,2018-09-01,
BOL,Bolivia,Latin America & Caribbean,Lower middle income,2018-06-01,
BIH,Bosnia and Herzegovina,Europe & Central Asia,Upper middle income,2017-05-01,
BWA,Botswana,Sub-Saharan Africa,Upper middle income,2021-01-07,
BRN,Brunei Darussalam,East Asia & Pacific,High income,2018-11-01,
BGR,Bulgaria,Europe & Central Asia,Upper middle income,2015-11-01,
BDI,Burundi,Sub-Saharan Africa,Low income,2018-09-01,
CPV,Cabo Verde,Sub-Saharan Africa,Lower middle income,2018-09-01,
KHM,Cambodia,East Asia & Pacific,Lower middle income,2013-12-01,
CMR,Cameroon,Sub-Saharan Africa,Lower middle income,2015-08-01,
CAF,Central African Republic,Sub-Saharan Africa,Low income,2021-11-01,
TCD,Chad,Sub-Saharan Africa,Low income,2018-09-01,
CHL,Chile,Latin America & Caribbean,High income,2018-11-06,
CHN,China,East Asia & Pacific,Upper middle income,2013-12-01,
COL,Colombia,Latin America & Caribbean,Upper middle income,2025-05-14,
COM,Comoros,Sub-Saharan Africa,Low income,2015-12-01,
COD,"Congo, Dem. Rep.",Sub-Saharan Africa,Low income,2021-01-06,
COG,"Congo, Rep.",Sub-Saharan Africa,Lower middle income,,
COK,Cook Islands,East Asia & Pacific,Upper middle income,2018-11-01,
CRI,Costa Rica,Latin America & Caribbean,Upper middle income,2018-09-01,
CIV,Côte d'Ivoire,Sub-Saharan Africa,Lower middle income,2017-05-23,
HRV,Croatia,Europe & Central Asia,High income,2017-05-01,
CUB,Cuba,Latin America & Caribbean,Upper middle income,2019-06-20,
CYP,Cyprus,Europe & Central Asia,High income,2019-04-01,
CZE,Czech Republic,Europe & Central Asia,High income,2015-11-01,
DJI,Djibouti,Middle East & North Africa,Lower middle income,2018-09-01,
DMA,Dominica,Latin America & Caribbean,Upper middle income,2018-07-13,
DOM,Dominican Republic,Latin America & Caribbean,Upper middle income,2019-12-01,
ECU,Ecuador,Latin America & Caribbean,Upper middle income,2018-12-01,
EGY,Egypt,Middle East & North Africa,Lower middle income,2016-01-01,
SLV,El Salvador,Latin America & Caribbean,Lower middle income,2018-11-01,
GNQ,Equatorial Guinea,Sub-Saharan Africa,Upper middle income,2019-04-01,
ERI,Eritrea,Sub-Saharan Africa,Low income,2021-11-25,
EST,Estonia,Europe & Central Asia,High income,2017-11-01,
ETH,Ethiopia,Sub-Saharan Africa,Low income,2018-09-01,
FJI,Fiji,East Asia & Pacific,Upper middle income,2018-11-01,
GAB,Gabon,Sub-Saharan Africa,Upper middle income,2018-09-01,
GMB,"Gambia, The",Sub-Saharan Africa,Low income,2018-09-01,
GEO,Georgia,Europe & Central Asia,Lower middle income,2016-12-01,
GHA,Ghana,Sub-Saharan Africa,Lower middle income,2018-09-01,
GRC,Greece,Europe & Central Asia,High income,2018-08-01,
GRD,Grenada,Latin America & Caribbean,Upper middle income,2018-09-01,
GIN,Guinea,Sub-Saharan Africa,Low income,2018-09-01,
GNB,Guinea-Bissau,Sub-Saharan Africa,Low income,2021-11-24,
GUY,Guyana,Latin America & Caribbean,Upper middle income,2018-07-01,
HND,Honduras,Latin America & Caribbean,Lower middle income,2023-10-18,
HUN,Hungary,Europe & Central Asia,High income,2015-06-01,
IDN,Indonesia,East Asia & Pacific,Lower middle income,2015-03-01,
IRN,Iran,Middle East & North Africa,Upper middle income,2018-11-01,
IRQ,Iraq,Middle East & North Africa,Upper middle income,2015-12-01,
ITA,Italy,Europe & Central Asia,High income,2019-03-01,2023-12-06
JAM,Jamaica,Latin America & Caribbean,Upper middle income,2019-04-01,
JOR,Jordan,Middle East & North Africa,Upper middle income,2023-12-02,
KAZ,Kazakhstan,Europe & Central Asia,Upper middle income,2015-08-01,
KEN,Kenya,Sub-Saharan Africa,Lower middle income,2017-06-01,
KIR,Kiribati,East Asia & Pacific,Lower middle income,2020-01-01,
KOR,"Korea, Rep.",East Asia & Pacific,High income,2018-05-01,
KWT,Kuwait,Middle East & North Africa,High income,2018-05-01,
KGZ,Kyrgyz Republic,Europe & Central Asia,Lower middle income,2013-12-01,
LAO,Lao PDR,East Asia & Pacific,Lower middle income,2018-09-01,
LVA,Latvia,Europe & Central Asia,High income,2016-11-01,
LBN,Lebanon,Middle East & North Africa,Upper middle income,2017-09-01,
LSO,Lesotho,Sub-Saharan Africa,Lower middle income,2019-06-01,
LBR,Liberia,Sub-Saharan Africa,Low income,2019-04-01,
LBY,Libya,Middle East & North Africa,Upper middle income,2018-07-01,
LTU,Lithuania,Europe & Central Asia,High income,2017-11-01,
LUX,Luxembourg,Europe & Central Asia,High income,2019-03-01,
MDG,Madagascar,Sub-Saharan Africa,Low income,2017-03-01,
MWI,Malawi,Sub-Saharan Africa,Low income,2022-03-24,
MYS,Malaysia,East Asia & Pacific,Upper middle income,2017-05-01,
MDV,Maldives,South Asia,Upper middle income,2017-08-01,
MLI,Mali,Sub-Saharan Africa,Low income,2019-07-26,
MLT,Malta,Middle East & North Africa,High income,2018-11-01,
MRT,Mauritania,Sub-Saharan Africa,Lower middle income,2018-09-01,
FSM,"Micronesia, Fed. Sts.",East Asia & Pacific,Lower middle income,2018-11-01,
MDA,Moldova,Europe & Central Asia,Lower middle income,2013-12-01,
MNG,Mongolia,East Asia & Pacific,Lower middle income,2013-12-01,
MNE,Montenegro,Europe & Central Asia,Upper middle income,2017-05-01,
MAR,Morocco,Middle East & North Africa,Lower middle income,2017-11-01,
MOZ,Mozambique,Sub-Saharan Africa,Low income,2018-09-01,
MMR,Myanmar,East Asia & Pacific,Lower middle income,2016-08-01,
NAM,Namibia,Sub-Saharan Africa,Upper middle income,2018-09-01,
NPL,Nepal,South Asia,Low income,2017-05-01,
NZL,New Zealand,East Asia & Pacific,High income,2017-03-01,
NIC,Nicaragua,Latin America & Caribbean,Lower middle income,2022-01-06,
NER,Niger,Sub-Saharan Africa,Low income,,
NGA,Nigeria,Sub-Saharan Africa,Lower middle income,2018-09-01,
NIU,Niue,East Asia & Pacific,Lower middle income,2018-07-01,
MKD,North Macedonia,Europe & Central Asia,Upper middle income,2013-12-01,
OMN,Oman,Middle East & North Africa,High income,2018-05-01,
PAK,Pakistan,South Asia,Lower middle income,2013-12-01,
PAN,Panama,Latin America & Caribbean,High income,2017-06-01,2025-02-04
PNG,Papua New Guinea,East Asia & Pacific,Lower middle income,2016-07-01,
PER,Peru,Latin America & Caribbean,Upper middle income,2019-05-01,
PHL,Philippines,East Asia & Pacific,Lower middle income,2017-11-01,
POL,Poland,Europe & Central Asia,High income,2015-11-01,
PRT,Portugal,Europe & Central Asia,High income,2018-12-01,
QAT,Qatar,Middle East & North Africa,High income,2019-01-01,
ROU,Romania,Europe & Central Asia,Upper middle income,2015-06-01,
RUS,Russian Federation,Europe & Central Asia,Upper middle income,,
RWA,Rwanda,Sub-Saharan Africa,Low income,2018-07-01,
WSM,Samoa,East Asia & Pacific,Upper middle income,2018-10-01,
SAU,Saudi Arabia,Middle East & North Africa,High income,2018-08-01,
SEN,Senegal,Sub-Saharan Africa,Low income,2018-07-01,
SRB,Serbia,Europe & Central Asia,Upper middle income,2015-11-01,
SYC,Seychelles,Sub-Saharan Africa,High income,2018-09-01,
SLE,Sierra Leone,Sub-Saharan Africa,Low income,2018-08-01,
SGP,Singapore,East Asia & Pacific,High income,2018-04-01,
SVK,Slovak Republic,Europe & Central Asia,High income,2015-11-01,
SVN,Slovenia,Europe & Central Asia,High income,2017-11-01,
SLB,Solomon Islands,East Asia & Pacific,Lower middle income,2019-10-01,
SOM,Somalia,Sub-Saharan Africa,Low income,2015-08-01,
ZAF,South Africa,Sub-Saharan Africa,Upper middle income,2015-12-01,
SSD,South Sudan,Sub-Saharan Africa,Low income,2018-09-01,
LKA,Sri Lanka,South Asia,Lower middle income,2017-04-01,
SDN,Sudan,Sub-Saharan Africa,Lower middle income,2018-09-01,
SUR,Suriname,Latin America & Caribbean,Upper middle income,2018-07-01,
SYR,Syria,Middle East & North Africa,Low income,2022-01-06,
TJK,Tajikistan,Europe & Central Asia,Low income,2018-10-01,
TZA,Tanzania,Sub-Saharan Africa,Low income,2018-09-01,
THA,Thailand,East Asia & Pacific,Upper middle income,2014-12-01,
TLS,Timor-Leste,East Asia & Pacific,Lower middle income,2017-04-01,
TGO,Togo,Sub-Saharan Africa,Low income,2018-09-01,
TON,Tonga,East Asia & Pacific,Upper middle income,2018-03-01,
TTO,Trinidad and Tobago,Latin America & Caribbean,High income,2018-05-01,
TUN,Tunisia,Middle East & North Africa,Lower middle income,2018-07-01,
TUR,Türkiye,Europe & Central Asia,Upper middle income,2015-11-01,
TKM,Turkmenistan,Europe & Central Asia,Upper middle income,2017-06-01,
UGA,Uganda,Sub-Saharan Africa,Low income,2018-09-01,
UKR,Ukraine,Europe & Central Asia,Lower middle income,2017-12-01,
ARE,United Arab Emirates,Middle East & North Africa,High income,2018-07-01,
URY,Uruguay,Latin America & Caribbean,High income,2018-02-01,
UZB,Uzbekistan,Europe & Central Asia,Lower middle income,2015-06-01,
VUT,Vanuatu,East Asia & Pacific,Lower middle income,2018-11-01,
VEN,Venezuela,Latin America & Caribbean,Upper middle income,2018-09-01,
VNM,Vietnam,East Asia & Pacific,Lower middle income,2017-11-01,
YEM,Yemen,Middle East & North Africa,Low income,2017-11-01,
ZMB,Zambia,Sub-Saharan Africa,Lower middle income,2018-09-01,
ZWE,Zimbabwe,Sub-Saharan Africa,Low income,2018-09-01,
